1	pnpm check:gate-wiring	0	0s
2	pnpm build	0	20s
3	pnpm --filter @heyta/landing check:entries	1	0s
4	pnpm typecheck	0	17s
5	pnpm check:claims	0	1s
6	pnpm check:reachability	0	0s
7	pnpm check:shell-surfaces	0	1s
8	pnpm check:op-log-semantics	0	17s
9	pnpm check:migrations	0	0s
10	pnpm check:token-hashing	0	1s
11	pnpm check:layering	0	0s
12	pnpm check:ui-provider	0	1s
13	pnpm check:theme	0	0s
14	pnpm check:row-single-source	0	1s
15	pnpm check:selection-single-source	0	0s
16	pnpm check:l4	0	1s
17	pnpm check:empty-state	0	0s
18	pnpm check:widgets	0	1s
19	pnpm check:arkts-widgets	0	1s
20	pnpm check:adaptive-cards	0	0s
21	pnpm check:pwa	0	1s
22	pnpm check:ui-language	0	1s
23	pnpm check:egress-wording	0	0s
24	pnpm check:docs-voice	0	1s
25	pnpm check:detail-pane-status-table	0	0s
26	pnpm check:detail-pane-c1-coverage	0	1s
27	pnpm check:detail-pane-evidence-refs	0	3s
28	pnpm check:detail-pane-slot	0	0s
29	pnpm check:legal-copy	0	1s
30	pnpm check:legal-tools	0	0s
31	pnpm check:legal-permissions	0	0s
32	pnpm check:legal-host	0	1s
33	pnpm check:legal-closure-truth	0	0s
34	pnpm check:legal-gdpr	0	0s
35	pnpm check:licenses	0	1s
36	pnpm check:licenses:stamp	0	0s
37	pnpm check:licenses:nuget	0	1s
38	pnpm check:image-license	1	0s
39	pnpm check:image-build-args	0	0s
40	pnpm check:crosslang-contract	0	1s
41	pnpm check:macos-shell	0	0s
42	pnpm check:macos-window	0	0s
43	pnpm check:journey-coverage	0	4s
44	pnpm check:integration-coverage	0	1s
45	pnpm check:mobile-settings	0	0s
46	pnpm check:windows-shell	0	0s
47	pnpm check:linux-shell	0	1s
48	pnpm check:native-bare	0	0s
49	pnpm check:docs	0	1s
50	pnpm check:doc-citations	0	1s
51	pnpm check:md-tables	1	0s
52	pnpm check:calendar-evidence-rigs	1	13s
53	pnpm check:pricing	0	1s
54	pnpm check:ai-quota	0	0s
55	pnpm check:ai-tools	0	0s
56	pnpm check:payment-entry	0	1s
57	pnpm check:design	0	0s
58	pnpm check:text-color	0	1s
59	pnpm check:server-design	0	0s
60	pnpm check:server-copy	0	1s
61	pnpm check:server-legal	0	0s
62	pnpm check:server-env	0	0s
63	pnpm check:tokens	0	1s
64	pnpm check:brand-assets	0	1s
65	pnpm check:calendar	0	1s
66	pnpm check:holiday	0	0s
67	pnpm check:public-facts	0	0s
68	pnpm check:card-export	0	1s
69	pnpm check:arkts	0	0s
70	pnpm check:native-deps	0	1s
71	pnpm check:ios-native-bridges	0	0s
72	pnpm check:mobile-bundle	0	5s
73	pnpm check:rn-aria	0	1s
74	pnpm check:materialized-reads	0	0s
75	pnpm check:ai-coverage	0	0s
76	pnpm check:vault-diagnostics	1	1s
77	pnpm check:gate-ssh	0	0s
78	pnpm check:e2e-helper-exports	0	1s
79	pnpm check:ai-e2e	1	1s
80	pnpm check:privacy-consent-e2e	1	5s
81	pnpm check:landing-e2e	1	1s
82	pnpm check:shell-unicode	0	0s
83	pnpm check:shell-exit-chain	0	0s
84	pnpm check:selfhost-entry-command	0	1s
85	pnpm check:web-storage	1	0s
86	pnpm check:web-migration	1	1s
87	pnpm check:web-artifact	0	0s
88	pnpm check:script-snapshot	0	0s
89	pnpm check:ios-ax-shim	0	1s
90	pnpm check:verify-script-copy	0	0s
91	pnpm check:android-gradle-remote	0	0s
92	pnpm check:apk-freshness	0	1s
93	pnpm check:shell-erasure-parity	0	0s
94	pnpm check:mobile-first-run-gate	0	1s
95	pnpm screenshot:verify	0	1s
96	pnpm -r test	1	117s
跑了 96 / 96 段
红段 12 / 记录 97
