repo	stars	forks	license	archived	branch	last_commit	latest_release	top_lang	desc	topics
ABausG/home_widget	975	286	NA	false	main	2026-09-23T13:44:17Z	home_widget_generator-v0.2.0: chore(release): Publish packages (#467) @ 2026-09-23T13:44:17Z	dart: 96.2%	Flutter Package for Easier Creation of Home Screen Widgets	
miquelbeltran/flutter_widgetkit									FETCH_ERROR:HTTP Error 404: Not Found	
android/user-interface-samples	4610	1679	Apache-2.0 (Apache License 2.0)	true	main	2025-07-11T12:56:53Z	slice-viewer-v1.0.1 @ 2019-09-25T16:35:57Z	kotlin: 96.4%	Multiple samples showing the best practices in the user interface on Android.	
gsantner/markor	6172	538	NOASSERTION (Other)	false	master	2026-08-24T17:02:06Z	Markor v2.16.1 @ 2026-03-19T08:27:29Z	java: 99.7%	Text editor - Notes \u0026 ToDo (for Android) - Markdown, todo.txt, plaintext, math, ..	android-app,asciidoc,class,clipboard,editor,education,hacktoberfest,markdown,markdown-editor,org-mode,orgmode,plaintext,school,syncthing,task-list,todo,todolist,todotxt,university,zim-wiki
OmGodse/Notally	2176	195	GPL-3.0 (GNU General Public License v3.0)	false	master	2026-05-21T08:00:35Z	v6.2 @ 2026-05-16T15:17:57Z	kotlin: 100.0%	A beautiful notes app	android,kotlin,material-design,minimalism,notes
tauri-apps/awesome-tauri	8089	730	MIT (MIT License)	false	dev	2026-08-24T10:14:22Z	NO-RELEASES @ NA	language: none	🚀 Awesome Tauri Apps, Plugins and Resources	awesome,awesome-list,tauri
element-hq/element-ios	1840	547	AGPL-3.0 (GNU Affero General Public License v3.0)	false	develop	2026-09-24T11:39:00Z	v1.11.41 @ 2026-09-24T17:16:17Z	swift: 55.7%	Element's Classic app for Matrix collaboration on iOS	
signalapp/Signal-iOS	12248	3512	AGPL-3.0 (GNU Affero General Public License v3.0)	false	main	2026-09-23T21:20:19Z	8.30 @ 2026-09-23T20:22:02Z	swift: 97.7%	A private messenger for iOS.	
mozilla-mobile/firefox-ios	13044	3265	MPL-2.0 (Mozilla Public License 2.0)	false	main	2026-09-24T17:10:58Z	Firefox v156.1 @ 2026-09-18T14:17:44Z	swift: 90.5%	Firefox for iOS	browser,firefox,ios-app,mozilla,swift
wikimedia/wikipedia-ios	3448	922	MIT (MIT License)	false	main	2026-09-24T19:49:11Z	betas/6182 @ 2026-09-23T20:30:53Z	swift: 73.9%	 📱The official Wikipedia iOS app.	objective-c,swift,wikipedia
nextcloud/ios	2507	1033	GPL-3.0 (GNU General Public License v3.0)	false	master	2026-09-25T03:55:30Z	Version 35.0.0 @ 2026-09-15T08:36:53Z	swift: 92.0%	📱 Nextcloud iOS App	hacktoberfest,ios,nextcloud,open-source
FossifyOrg/Notes	498	58	GPL-3.0 (GNU General Public License v3.0)	false	main	2026-09-24T11:28:12Z	1.7.0 @ 2026-01-30T20:53:50Z	kotlin: 99.8%	A simple text field for adding quick notes without ads.	android,foss,kotlin,notes,open-source
KDE/kalendar	124	13	NA	false	master	2023-07-12T01:51:49Z	v23.04.3 @ 2023-07-06T13:58:20Z	c++: 53.2%	A calendar application using Akonadi to sync with external services (Nextcloud, GMail, ...)	
go-vikunja/frontend	365	35	AGPL-3.0 (GNU Affero General Public License v3.0)	true	main	2024-02-07T14:03:24Z	v0.22.1: [0.22.1] - 2024-01-28 @ 2024-01-28T16:44:26Z	vue: 56.1%	Mirror of vikunja from https://code.vikunja.io/frontend	docker,frontend,javascript,javascript-applications,js,todoapp,todolist,vue,vuejs,web-frontend,webapp
material-components/material-components-android	17399	3231	Apache-2.0 (Apache License 2.0)	false	master	2026-09-14T20:07:53Z	1.14.0 @ 2026-05-13T15:02:52Z	java: 99.9%	[MAINTENANCE MODE] Modular and customizable Material Design UI components for Android	android,material-components,material-design
material-components/material-web	11273	1144	Apache-2.0 (Apache License 2.0)	false	main	2026-09-24T18:00:36Z	v2.5.0 @ 2026-07-15T14:38:06Z	scss: 56.5%	Material Design Web Components	component-,design-system,lit,lit-element,lit-html,material,material-design,material-you,material3,web,web-components
mui/material-ui	99095	32518	MIT (MIT License)	false	master	2026-09-24T17:08:55Z	v9.4.0 @ 2026-08-28T02:03:14Z	javascript: 56.0%	Material UI: Comprehensive React component library that implements Google's Material Design. Free forever.	design-system,material-design,material-ui,react,react-components
ionic-team/ionic-framework	52685	13299	MIT (MIT License)	false	main	2026-09-24T18:41:19Z	v9.0.5 @ 2026-09-23T19:10:39Z	typescript: 65.8%	A powerful cross-platform UI toolkit for building native-quality iOS, Android, and Progressive Web Apps with HTML, CSS, and JavaScript.	angular,capacitor,framework,frontend,ionic,ios,javascript,material-design,mobile,pwa,react,stencil,stenciljs,typescript,ui-components,vue,web,webcomponents
dotnet/maui	23320	1982	MIT (MIT License)	false	main	2026-09-23T10:22:45Z	10.0.110 @ 2026-09-22T16:32:41Z	c#: 97.6%	.NET MAUI is the .NET Multi-platform App UI, a framework for building native device applications spanning mobile, tablet, and desktop.	android,desktop,dotnet,hacktoberfest,ios,maccatalyst,maui,microsoft,mobile,multi-platform,user-interface,winui,winui3
Fasky-Software/react-native-widget-bridge									FETCH_ERROR:HTTP Error 404: Not Found	
gaishimo/react-native-widget									FETCH_ERROR:HTTP Error 404: Not Found	
krafft/react-native-widget									FETCH_ERROR:HTTP Error 404: Not Found	
